onnx/model_3_3.onnx,vnnlib/d3_eps_0.01_sample_9_label_0.vnnlib,180
onnx/model_3_3~d3_eps_0.01_sample_9_label_0~pct0.2~cnt25~seed850851855.onnx,vnnlib/d3_eps_0.01_sample_9_label_0.vnnlib,180
onnx/model_3_3~d3_eps_0.01_sample_9_label_0~pct0.4~cnt51~seed850851855.onnx,vnnlib/d3_eps_0.01_sample_9_label_0.vnnlib,180
onnx/model_3_3~d3_eps_0.01_sample_9_label_0~pct0.6~cnt76~seed850851855.onnx,vnnlib/d3_eps_0.01_sample_9_label_0.vnnlib,180
onnx/model_3_3~d3_eps_0.01_sample_9_label_0~pct0.8~cnt102~seed850851855.onnx,vnnlib/d3_eps_0.01_sample_9_label_0.vnnlib,180
onnx/model_3_3~d3_eps_0.01_sample_9_label_0~pct1.0~cnt128~seed850851855.onnx,vnnlib/d3_eps_0.01_sample_9_label_0.vnnlib,180
onnx/model_1_1.onnx,vnnlib/d1_eps_0.01_sample_9_label_1.vnnlib,180
onnx/model_1_1~d1_eps_0.01_sample_9_label_1~pct0.2~cnt25~seed850851855.onnx,vnnlib/d1_eps_0.01_sample_9_label_1.vnnlib,180
onnx/model_1_1~d1_eps_0.01_sample_9_label_1~pct0.4~cnt51~seed850851855.onnx,vnnlib/d1_eps_0.01_sample_9_label_1.vnnlib,180
onnx/model_1_1~d1_eps_0.01_sample_9_label_1~pct0.6~cnt76~seed850851855.onnx,vnnlib/d1_eps_0.01_sample_9_label_1.vnnlib,180
onnx/model_1_1~d1_eps_0.01_sample_9_label_1~pct0.8~cnt102~seed850851855.onnx,vnnlib/d1_eps_0.01_sample_9_label_1.vnnlib,180
onnx/model_1_1~d1_eps_0.01_sample_9_label_1~pct1.0~cnt128~seed850851855.onnx,vnnlib/d1_eps_0.01_sample_9_label_1.vnnlib,180
onnx/model_2_2.onnx,vnnlib/d2_eps_0.03_sample_16_label_0.vnnlib,180
onnx/model_2_2~d2_eps_0.03_sample_16_label_0~pct0.2~cnt25~seed850851855.onnx,vnnlib/d2_eps_0.03_sample_16_label_0.vnnlib,180
onnx/model_2_2~d2_eps_0.03_sample_16_label_0~pct0.4~cnt51~seed850851855.onnx,vnnlib/d2_eps_0.03_sample_16_label_0.vnnlib,180
onnx/model_2_2~d2_eps_0.03_sample_16_label_0~pct0.6~cnt76~seed850851855.onnx,vnnlib/d2_eps_0.03_sample_16_label_0.vnnlib,180
onnx/model_2_2~d2_eps_0.03_sample_16_label_0~pct0.8~cnt102~seed850851855.onnx,vnnlib/d2_eps_0.03_sample_16_label_0.vnnlib,180
onnx/model_2_2~d2_eps_0.03_sample_16_label_0~pct1.0~cnt128~seed850851855.onnx,vnnlib/d2_eps_0.03_sample_16_label_0.vnnlib,180
onnx/model_3_3.onnx,vnnlib/d3_eps_0.03_sample_10_label_3.vnnlib,180
onnx/model_3_3~d3_eps_0.03_sample_10_label_3~pct0.2~cnt25~seed850851855.onnx,vnnlib/d3_eps_0.03_sample_10_label_3.vnnlib,180
onnx/model_3_3~d3_eps_0.03_sample_10_label_3~pct0.4~cnt51~seed850851855.onnx,vnnlib/d3_eps_0.03_sample_10_label_3.vnnlib,180
onnx/model_3_3~d3_eps_0.03_sample_10_label_3~pct0.6~cnt76~seed850851855.onnx,vnnlib/d3_eps_0.03_sample_10_label_3.vnnlib,180
onnx/model_3_3~d3_eps_0.03_sample_10_label_3~pct0.8~cnt102~seed850851855.onnx,vnnlib/d3_eps_0.03_sample_10_label_3.vnnlib,180
onnx/model_3_3~d3_eps_0.03_sample_10_label_3~pct1.0~cnt128~seed850851855.onnx,vnnlib/d3_eps_0.03_sample_10_label_3.vnnlib,180
onnx/model_2_2.onnx,vnnlib/d2_eps_0.05_sample_6_label_6.vnnlib,180
onnx/model_2_2~d2_eps_0.05_sample_6_label_6~pct0.2~cnt25~seed850851855.onnx,vnnlib/d2_eps_0.05_sample_6_label_6.vnnlib,180
onnx/model_2_2~d2_eps_0.05_sample_6_label_6~pct0.4~cnt51~seed850851855.onnx,vnnlib/d2_eps_0.05_sample_6_label_6.vnnlib,180
onnx/model_2_2~d2_eps_0.05_sample_6_label_6~pct0.6~cnt76~seed850851855.onnx,vnnlib/d2_eps_0.05_sample_6_label_6.vnnlib,180
onnx/model_2_2~d2_eps_0.05_sample_6_label_6~pct0.8~cnt102~seed850851855.onnx,vnnlib/d2_eps_0.05_sample_6_label_6.vnnlib,180
onnx/model_2_2~d2_eps_0.05_sample_6_label_6~pct1.0~cnt128~seed850851855.onnx,vnnlib/d2_eps_0.05_sample_6_label_6.vnnlib,180
onnx/model_0_0.onnx,vnnlib/d0_eps_0.01_sample_18_label_1.vnnlib,180
onnx/model_0_0~d0_eps_0.01_sample_18_label_1~pct0.2~cnt25~seed850851855.onnx,vnnlib/d0_eps_0.01_sample_18_label_1.vnnlib,180
onnx/model_0_0~d0_eps_0.01_sample_18_label_1~pct0.4~cnt51~seed850851855.onnx,vnnlib/d0_eps_0.01_sample_18_label_1.vnnlib,180
onnx/model_0_0~d0_eps_0.01_sample_18_label_1~pct0.6~cnt76~seed850851855.onnx,vnnlib/d0_eps_0.01_sample_18_label_1.vnnlib,180
onnx/model_0_0~d0_eps_0.01_sample_18_label_1~pct0.8~cnt102~seed850851855.onnx,vnnlib/d0_eps_0.01_sample_18_label_1.vnnlib,180
onnx/model_0_0~d0_eps_0.01_sample_18_label_1~pct1.0~cnt128~seed850851855.onnx,vnnlib/d0_eps_0.01_sample_18_label_1.vnnlib,180
onnx/model_2_2.onnx,vnnlib/d2_eps_0.01_sample_19_label_0.vnnlib,180
onnx/model_2_2~d2_eps_0.01_sample_19_label_0~pct0.2~cnt25~seed850851855.onnx,vnnlib/d2_eps_0.01_sample_19_label_0.vnnlib,180
onnx/model_2_2~d2_eps_0.01_sample_19_label_0~pct0.4~cnt51~seed850851855.onnx,vnnlib/d2_eps_0.01_sample_19_label_0.vnnlib,180
onnx/model_2_2~d2_eps_0.01_sample_19_label_0~pct0.6~cnt76~seed850851855.onnx,vnnlib/d2_eps_0.01_sample_19_label_0.vnnlib,180
onnx/model_2_2~d2_eps_0.01_sample_19_label_0~pct0.8~cnt102~seed850851855.onnx,vnnlib/d2_eps_0.01_sample_19_label_0.vnnlib,180
onnx/model_2_2~d2_eps_0.01_sample_19_label_0~pct1.0~cnt128~seed850851855.onnx,vnnlib/d2_eps_0.01_sample_19_label_0.vnnlib,180
onnx/model_3_3.onnx,vnnlib/d3_eps_0.03_sample_13_label_7.vnnlib,180
onnx/model_3_3~d3_eps_0.03_sample_13_label_7~pct0.2~cnt25~seed850851855.onnx,vnnlib/d3_eps_0.03_sample_13_label_7.vnnlib,180
onnx/model_3_3~d3_eps_0.03_sample_13_label_7~pct0.4~cnt51~seed850851855.onnx,vnnlib/d3_eps_0.03_sample_13_label_7.vnnlib,180
onnx/model_3_3~d3_eps_0.03_sample_13_label_7~pct0.6~cnt76~seed850851855.onnx,vnnlib/d3_eps_0.03_sample_13_label_7.vnnlib,180
onnx/model_3_3~d3_eps_0.03_sample_13_label_7~pct0.8~cnt102~seed850851855.onnx,vnnlib/d3_eps_0.03_sample_13_label_7.vnnlib,180
onnx/model_3_3~d3_eps_0.03_sample_13_label_7~pct1.0~cnt128~seed850851855.onnx,vnnlib/d3_eps_0.03_sample_13_label_7.vnnlib,180
onnx/model_2_2.onnx,vnnlib/d2_eps_0.04_sample_14_label_7.vnnlib,180
onnx/model_2_2~d2_eps_0.04_sample_14_label_7~pct0.2~cnt25~seed850851855.onnx,vnnlib/d2_eps_0.04_sample_14_label_7.vnnlib,180
onnx/model_2_2~d2_eps_0.04_sample_14_label_7~pct0.4~cnt51~seed850851855.onnx,vnnlib/d2_eps_0.04_sample_14_label_7.vnnlib,180
onnx/model_2_2~d2_eps_0.04_sample_14_label_7~pct0.6~cnt76~seed850851855.onnx,vnnlib/d2_eps_0.04_sample_14_label_7.vnnlib,180
onnx/model_2_2~d2_eps_0.04_sample_14_label_7~pct0.8~cnt102~seed850851855.onnx,vnnlib/d2_eps_0.04_sample_14_label_7.vnnlib,180
onnx/model_2_2~d2_eps_0.04_sample_14_label_7~pct1.0~cnt128~seed850851855.onnx,vnnlib/d2_eps_0.04_sample_14_label_7.vnnlib,180
onnx/model_0_0.onnx,vnnlib/d0_eps_0.03_sample_3_label_3.vnnlib,180
onnx/model_0_0~d0_eps_0.03_sample_3_label_3~pct0.2~cnt25~seed850851855.onnx,vnnlib/d0_eps_0.03_sample_3_label_3.vnnlib,180
onnx/model_0_0~d0_eps_0.03_sample_3_label_3~pct0.4~cnt51~seed850851855.onnx,vnnlib/d0_eps_0.03_sample_3_label_3.vnnlib,180
onnx/model_0_0~d0_eps_0.03_sample_3_label_3~pct0.6~cnt76~seed850851855.onnx,vnnlib/d0_eps_0.03_sample_3_label_3.vnnlib,180
onnx/model_0_0~d0_eps_0.03_sample_3_label_3~pct0.8~cnt102~seed850851855.onnx,vnnlib/d0_eps_0.03_sample_3_label_3.vnnlib,180
onnx/model_0_0~d0_eps_0.03_sample_3_label_3~pct1.0~cnt128~seed850851855.onnx,vnnlib/d0_eps_0.03_sample_3_label_3.vnnlib,180
onnx/model_0_0.onnx,vnnlib/d0_eps_0.02_sample_13_label_7.vnnlib,180
onnx/model_0_0~d0_eps_0.02_sample_13_label_7~pct0.2~cnt25~seed850851855.onnx,vnnlib/d0_eps_0.02_sample_13_label_7.vnnlib,180
onnx/model_0_0~d0_eps_0.02_sample_13_label_7~pct0.4~cnt51~seed850851855.onnx,vnnlib/d0_eps_0.02_sample_13_label_7.vnnlib,180
onnx/model_0_0~d0_eps_0.02_sample_13_label_7~pct0.6~cnt76~seed850851855.onnx,vnnlib/d0_eps_0.02_sample_13_label_7.vnnlib,180
onnx/model_0_0~d0_eps_0.02_sample_13_label_7~pct0.8~cnt102~seed850851855.onnx,vnnlib/d0_eps_0.02_sample_13_label_7.vnnlib,180
onnx/model_0_0~d0_eps_0.02_sample_13_label_7~pct1.0~cnt128~seed850851855.onnx,vnnlib/d0_eps_0.02_sample_13_label_7.vnnlib,180
onnx/model_2_2.onnx,vnnlib/d2_eps_0.04_sample_18_label_5.vnnlib,180
onnx/model_2_2~d2_eps_0.04_sample_18_label_5~pct0.2~cnt25~seed850851855.onnx,vnnlib/d2_eps_0.04_sample_18_label_5.vnnlib,180
onnx/model_2_2~d2_eps_0.04_sample_18_label_5~pct0.4~cnt51~seed850851855.onnx,vnnlib/d2_eps_0.04_sample_18_label_5.vnnlib,180
onnx/model_2_2~d2_eps_0.04_sample_18_label_5~pct0.6~cnt76~seed850851855.onnx,vnnlib/d2_eps_0.04_sample_18_label_5.vnnlib,180
onnx/model_2_2~d2_eps_0.04_sample_18_label_5~pct0.8~cnt102~seed850851855.onnx,vnnlib/d2_eps_0.04_sample_18_label_5.vnnlib,180
onnx/model_2_2~d2_eps_0.04_sample_18_label_5~pct1.0~cnt128~seed850851855.onnx,vnnlib/d2_eps_0.04_sample_18_label_5.vnnlib,180
onnx/model_3_3.onnx,vnnlib/d3_eps_0.01_sample_8_label_7.vnnlib,180
onnx/model_3_3~d3_eps_0.01_sample_8_label_7~pct0.2~cnt25~seed850851855.onnx,vnnlib/d3_eps_0.01_sample_8_label_7.vnnlib,180
onnx/model_3_3~d3_eps_0.01_sample_8_label_7~pct0.4~cnt51~seed850851855.onnx,vnnlib/d3_eps_0.01_sample_8_label_7.vnnlib,180
onnx/model_3_3~d3_eps_0.01_sample_8_label_7~pct0.6~cnt76~seed850851855.onnx,vnnlib/d3_eps_0.01_sample_8_label_7.vnnlib,180
onnx/model_3_3~d3_eps_0.01_sample_8_label_7~pct0.8~cnt102~seed850851855.onnx,vnnlib/d3_eps_0.01_sample_8_label_7.vnnlib,180
onnx/model_3_3~d3_eps_0.01_sample_8_label_7~pct1.0~cnt128~seed850851855.onnx,vnnlib/d3_eps_0.01_sample_8_label_7.vnnlib,180
onnx/model_3_3.onnx,vnnlib/d3_eps_0.02_sample_18_label_6.vnnlib,180
onnx/model_3_3~d3_eps_0.02_sample_18_label_6~pct0.2~cnt25~seed850851855.onnx,vnnlib/d3_eps_0.02_sample_18_label_6.vnnlib,180
onnx/model_3_3~d3_eps_0.02_sample_18_label_6~pct0.4~cnt51~seed850851855.onnx,vnnlib/d3_eps_0.02_sample_18_label_6.vnnlib,180
onnx/model_3_3~d3_eps_0.02_sample_18_label_6~pct0.6~cnt76~seed850851855.onnx,vnnlib/d3_eps_0.02_sample_18_label_6.vnnlib,180
onnx/model_3_3~d3_eps_0.02_sample_18_label_6~pct0.8~cnt102~seed850851855.onnx,vnnlib/d3_eps_0.02_sample_18_label_6.vnnlib,180
onnx/model_3_3~d3_eps_0.02_sample_18_label_6~pct1.0~cnt128~seed850851855.onnx,vnnlib/d3_eps_0.02_sample_18_label_6.vnnlib,180
onnx/model_3_3.onnx,vnnlib/d3_eps_0.01_sample_18_label_4.vnnlib,180
onnx/model_3_3~d3_eps_0.01_sample_18_label_4~pct0.2~cnt25~seed850851855.onnx,vnnlib/d3_eps_0.01_sample_18_label_4.vnnlib,180
onnx/model_3_3~d3_eps_0.01_sample_18_label_4~pct0.4~cnt51~seed850851855.onnx,vnnlib/d3_eps_0.01_sample_18_label_4.vnnlib,180
onnx/model_3_3~d3_eps_0.01_sample_18_label_4~pct0.6~cnt76~seed850851855.onnx,vnnlib/d3_eps_0.01_sample_18_label_4.vnnlib,180
onnx/model_3_3~d3_eps_0.01_sample_18_label_4~pct0.8~cnt102~seed850851855.onnx,vnnlib/d3_eps_0.01_sample_18_label_4.vnnlib,180
onnx/model_3_3~d3_eps_0.01_sample_18_label_4~pct1.0~cnt128~seed850851855.onnx,vnnlib/d3_eps_0.01_sample_18_label_4.vnnlib,180
onnx/model_1_1.onnx,vnnlib/d1_eps_0.02_sample_2_label_9.vnnlib,180
onnx/model_1_1~d1_eps_0.02_sample_2_label_9~pct0.2~cnt25~seed850851855.onnx,vnnlib/d1_eps_0.02_sample_2_label_9.vnnlib,180
onnx/model_1_1~d1_eps_0.02_sample_2_label_9~pct0.4~cnt51~seed850851855.onnx,vnnlib/d1_eps_0.02_sample_2_label_9.vnnlib,180
onnx/model_1_1~d1_eps_0.02_sample_2_label_9~pct0.6~cnt76~seed850851855.onnx,vnnlib/d1_eps_0.02_sample_2_label_9.vnnlib,180
onnx/model_1_1~d1_eps_0.02_sample_2_label_9~pct0.8~cnt102~seed850851855.onnx,vnnlib/d1_eps_0.02_sample_2_label_9.vnnlib,180
onnx/model_1_1~d1_eps_0.02_sample_2_label_9~pct1.0~cnt128~seed850851855.onnx,vnnlib/d1_eps_0.02_sample_2_label_9.vnnlib,180
onnx/model_2_2.onnx,vnnlib/d2_eps_0.02_sample_12_label_3.vnnlib,180
onnx/model_2_2~d2_eps_0.02_sample_12_label_3~pct0.2~cnt25~seed850851855.onnx,vnnlib/d2_eps_0.02_sample_12_label_3.vnnlib,180
onnx/model_2_2~d2_eps_0.02_sample_12_label_3~pct0.4~cnt51~seed850851855.onnx,vnnlib/d2_eps_0.02_sample_12_label_3.vnnlib,180
onnx/model_2_2~d2_eps_0.02_sample_12_label_3~pct0.6~cnt76~seed850851855.onnx,vnnlib/d2_eps_0.02_sample_12_label_3.vnnlib,180
onnx/model_2_2~d2_eps_0.02_sample_12_label_3~pct0.8~cnt102~seed850851855.onnx,vnnlib/d2_eps_0.02_sample_12_label_3.vnnlib,180
onnx/model_2_2~d2_eps_0.02_sample_12_label_3~pct1.0~cnt128~seed850851855.onnx,vnnlib/d2_eps_0.02_sample_12_label_3.vnnlib,180
onnx/model_1_1.onnx,vnnlib/d1_eps_0.01_sample_3_label_1.vnnlib,180
onnx/model_1_1~d1_eps_0.01_sample_3_label_1~pct0.2~cnt25~seed850851855.onnx,vnnlib/d1_eps_0.01_sample_3_label_1.vnnlib,180
onnx/model_1_1~d1_eps_0.01_sample_3_label_1~pct0.4~cnt51~seed850851855.onnx,vnnlib/d1_eps_0.01_sample_3_label_1.vnnlib,180
onnx/model_1_1~d1_eps_0.01_sample_3_label_1~pct0.6~cnt76~seed850851855.onnx,vnnlib/d1_eps_0.01_sample_3_label_1.vnnlib,180
onnx/model_1_1~d1_eps_0.01_sample_3_label_1~pct0.8~cnt102~seed850851855.onnx,vnnlib/d1_eps_0.01_sample_3_label_1.vnnlib,180
onnx/model_1_1~d1_eps_0.01_sample_3_label_1~pct1.0~cnt128~seed850851855.onnx,vnnlib/d1_eps_0.01_sample_3_label_1.vnnlib,180
onnx/model_3_3.onnx,vnnlib/d3_eps_0.02_sample_12_label_3.vnnlib,180
onnx/model_3_3~d3_eps_0.02_sample_12_label_3~pct0.2~cnt25~seed850851855.onnx,vnnlib/d3_eps_0.02_sample_12_label_3.vnnlib,180
onnx/model_3_3~d3_eps_0.02_sample_12_label_3~pct0.4~cnt51~seed850851855.onnx,vnnlib/d3_eps_0.02_sample_12_label_3.vnnlib,180
onnx/model_3_3~d3_eps_0.02_sample_12_label_3~pct0.6~cnt76~seed850851855.onnx,vnnlib/d3_eps_0.02_sample_12_label_3.vnnlib,180
onnx/model_3_3~d3_eps_0.02_sample_12_label_3~pct0.8~cnt102~seed850851855.onnx,vnnlib/d3_eps_0.02_sample_12_label_3.vnnlib,180
onnx/model_3_3~d3_eps_0.02_sample_12_label_3~pct1.0~cnt128~seed850851855.onnx,vnnlib/d3_eps_0.02_sample_12_label_3.vnnlib,180
onnx/model_3_3.onnx,vnnlib/d3_eps_0.03_sample_4_label_5.vnnlib,180
onnx/model_3_3~d3_eps_0.03_sample_4_label_5~pct0.2~cnt25~seed850851855.onnx,vnnlib/d3_eps_0.03_sample_4_label_5.vnnlib,180
onnx/model_3_3~d3_eps_0.03_sample_4_label_5~pct0.4~cnt51~seed850851855.onnx,vnnlib/d3_eps_0.03_sample_4_label_5.vnnlib,180
onnx/model_3_3~d3_eps_0.03_sample_4_label_5~pct0.6~cnt76~seed850851855.onnx,vnnlib/d3_eps_0.03_sample_4_label_5.vnnlib,180
onnx/model_3_3~d3_eps_0.03_sample_4_label_5~pct0.8~cnt102~seed850851855.onnx,vnnlib/d3_eps_0.03_sample_4_label_5.vnnlib,180
onnx/model_3_3~d3_eps_0.03_sample_4_label_5~pct1.0~cnt128~seed850851855.onnx,vnnlib/d3_eps_0.03_sample_4_label_5.vnnlib,180
