onnx/vgg16-7.onnx,vnnlib/spec0_suit.vnnlib,1200
onnx/vgg16-7.onnx,vnnlib/spec1_Scottish_deerhound.vnnlib,1200
onnx/vgg16-7.onnx,vnnlib/spec2_Airedale.vnnlib,1200
onnx/vgg16-7.onnx,vnnlib/spec3_canoe.vnnlib,1200
onnx/vgg16-7.onnx,vnnlib/spec4_grille.vnnlib,1200
onnx/vgg16-7.onnx,vnnlib/spec5_scale.vnnlib,1200
onnx/vgg16-7.onnx,vnnlib/spec6_folding_chair.vnnlib,1200
onnx/vgg16-7.onnx,vnnlib/spec7_basketball.vnnlib,1200
onnx/vgg16-7.onnx,vnnlib/spec8_megalith.vnnlib,1200
onnx/vgg16-7.onnx,vnnlib/spec9_sidewinder.vnnlib,1200
onnx/vgg16-7.onnx,vnnlib/spec10_chainlink_fence.vnnlib,1200
onnx/vgg16-7.onnx,vnnlib/spec11_dock.vnnlib,1200
onnx/vgg16-7.onnx,vnnlib/spec12_borzoi.vnnlib,1200
onnx/vgg16-7.onnx,vnnlib/spec13_pillow.vnnlib,1200
onnx/vgg16-7.onnx,vnnlib/spec14_mink.vnnlib,1200
onnx/vgg16-7.onnx,vnnlib/spec15_tiger_beetle.vnnlib,1200
onnx/vgg16-7.onnx,vnnlib/spec16_breastplate.vnnlib,1200
onnx/vgg16-7.onnx,vnnlib/spec17_paper_towel.vnnlib,1200
