onnx/pgd_2_3_16.onnx,vnnlib/pgd_2_3_16_2446.vnnlib,100
onnx/pgd_2_3_16.onnx,vnnlib/pgd_2_3_16_4509.vnnlib,100
onnx/pgd_2_3_16.onnx,vnnlib/pgd_2_3_16_6246.vnnlib,100
onnx/pgd_2_3_16.onnx,vnnlib/pgd_2_3_16_2043.vnnlib,100
onnx/pgd_2_3_16.onnx,vnnlib/pgd_2_3_16_2203.vnnlib,100
onnx/pgd_2_3_16.onnx,vnnlib/pgd_2_3_16_3695.vnnlib,100
onnx/pgd_2_3_16.onnx,vnnlib/pgd_2_3_16_8808.vnnlib,100
onnx/pgd_2_3_16.onnx,vnnlib/pgd_2_3_16_747.vnnlib,100
onnx/pgd_2_3_16.onnx,vnnlib/pgd_2_3_16_2209.vnnlib,100
onnx/pgd_2_3_16.onnx,vnnlib/pgd_2_3_16_8776.vnnlib,100
onnx/pgd_2_3_16.onnx,vnnlib/pgd_2_3_16_3660.vnnlib,100
onnx/pgd_2_3_16.onnx,vnnlib/pgd_2_3_16_7086.vnnlib,100
onnx/pgd_2_3_16.onnx,vnnlib/pgd_2_3_16_1058.vnnlib,100
onnx/pgd_2_3_16.onnx,vnnlib/pgd_2_3_16_3034.vnnlib,100
onnx/pgd_2_3_16.onnx,vnnlib/pgd_2_3_16_2296.vnnlib,100
onnx/pgd_2_3_16.onnx,vnnlib/pgd_2_3_16_9655.vnnlib,100
onnx/pgd_2_3_16.onnx,vnnlib/pgd_2_3_16_1438.vnnlib,100
onnx/pgd_2_3_16.onnx,vnnlib/pgd_2_3_16_94.vnnlib,100
onnx/pgd_2_3_16.onnx,vnnlib/pgd_2_3_16_7664.vnnlib,100
onnx/pgd_2_3_16.onnx,vnnlib/pgd_2_3_16_5846.vnnlib,100
onnx/pgd_2_3_16.onnx,vnnlib/pgd_2_3_16_7144.vnnlib,100
onnx/pgd_2_3_16.onnx,vnnlib/pgd_2_3_16_6578.vnnlib,100
onnx/pgd_2_3_16.onnx,vnnlib/pgd_2_3_16_7154.vnnlib,100
onnx/pgd_2_3_16.onnx,vnnlib/pgd_2_3_16_3832.vnnlib,100
onnx/pgd_2_3_16.onnx,vnnlib/pgd_2_3_16_560.vnnlib,100
onnx/pgd_2_3_16.onnx,vnnlib/pgd_2_3_16_2593.vnnlib,100
onnx/pgd_2_3_16.onnx,vnnlib/pgd_2_3_16_988.vnnlib,100
onnx/pgd_2_3_16.onnx,vnnlib/pgd_2_3_16_7102.vnnlib,100
onnx/pgd_2_3_16.onnx,vnnlib/pgd_2_3_16_9306.vnnlib,100
onnx/pgd_2_3_16.onnx,vnnlib/pgd_2_3_16_2113.vnnlib,100
onnx/pgd_2_3_16.onnx,vnnlib/pgd_2_3_16_2640.vnnlib,100
onnx/pgd_2_3_16.onnx,vnnlib/pgd_2_3_16_570.vnnlib,100
onnx/pgd_2_3_16.onnx,vnnlib/pgd_2_3_16_535.vnnlib,100
onnx/pgd_2_3_16.onnx,vnnlib/pgd_2_3_16_1579.vnnlib,100
onnx/pgd_2_3_16.onnx,vnnlib/pgd_2_3_16_9785.vnnlib,100
onnx/pgd_2_3_16.onnx,vnnlib/pgd_2_3_16_6942.vnnlib,100
onnx/pgd_2_3_16.onnx,vnnlib/pgd_2_3_16_7363.vnnlib,100
onnx/pgd_2_3_16.onnx,vnnlib/pgd_2_3_16_9825.vnnlib,100
onnx/pgd_2_3_16.onnx,vnnlib/pgd_2_3_16_425.vnnlib,100
onnx/pgd_2_3_16.onnx,vnnlib/pgd_2_3_16_722.vnnlib,100
onnx/pgd_2_3_16.onnx,vnnlib/pgd_2_3_16_646.vnnlib,100
onnx/pgd_2_3_16.onnx,vnnlib/pgd_2_3_16_183.vnnlib,100
onnx/pgd_2_3_16.onnx,vnnlib/pgd_2_3_16_4380.vnnlib,100
onnx/pgd_2_3_16.onnx,vnnlib/pgd_2_3_16_374.vnnlib,100
onnx/pgd_2_3_16.onnx,vnnlib/pgd_2_3_16_1566.vnnlib,100
onnx/pgd_2_3_16.onnx,vnnlib/pgd_2_3_16_7869.vnnlib,100
onnx/pgd_2_3_16.onnx,vnnlib/pgd_2_3_16_953.vnnlib,100
onnx/pgd_2_3_16.onnx,vnnlib/pgd_2_3_16_6160.vnnlib,100
onnx/pgd_2_3_16.onnx,vnnlib/pgd_2_3_16_2218.vnnlib,100
onnx/pgd_2_3_16.onnx,vnnlib/pgd_2_3_16_4714.vnnlib,100
onnx/pgd_2_3_16.onnx,vnnlib/pgd_2_3_16_5704.vnnlib,100
onnx/pgd_2_3_16.onnx,vnnlib/pgd_2_3_16_5579.vnnlib,100
onnx/pgd_2_3_16.onnx,vnnlib/pgd_2_3_16_6805.vnnlib,100
onnx/pgd_2_3_16.onnx,vnnlib/pgd_2_3_16_8836.vnnlib,100
onnx/pgd_2_3_16.onnx,vnnlib/pgd_2_3_16_5030.vnnlib,100
onnx/pgd_2_3_16.onnx,vnnlib/pgd_2_3_16_8341.vnnlib,100
onnx/pgd_2_3_16.onnx,vnnlib/pgd_2_3_16_9835.vnnlib,100
onnx/pgd_2_3_16.onnx,vnnlib/pgd_2_3_16_8907.vnnlib,100
onnx/pgd_2_3_16.onnx,vnnlib/pgd_2_3_16_6427.vnnlib,100
onnx/pgd_2_3_16.onnx,vnnlib/pgd_2_3_16_5528.vnnlib,100
onnx/pgd_2_3_16.onnx,vnnlib/pgd_2_3_16_6628.vnnlib,100
onnx/pgd_2_3_16.onnx,vnnlib/pgd_2_3_16_7403.vnnlib,100
onnx/pgd_2_3_16.onnx,vnnlib/pgd_2_3_16_2896.vnnlib,100
onnx/pgd_2_3_16.onnx,vnnlib/pgd_2_3_16_6088.vnnlib,100
onnx/pgd_2_3_16.onnx,vnnlib/pgd_2_3_16_7065.vnnlib,100
onnx/pgd_2_3_16.onnx,vnnlib/pgd_2_3_16_2760.vnnlib,100
onnx/pgd_2_3_16.onnx,vnnlib/pgd_2_3_16_9016.vnnlib,100
onnx/pgd_2_3_16.onnx,vnnlib/pgd_2_3_16_3727.vnnlib,100
onnx/pgd_2_3_16.onnx,vnnlib/pgd_2_3_16_9276.vnnlib,100
onnx/pgd_2_3_16.onnx,vnnlib/pgd_2_3_16_4567.vnnlib,100
onnx/pgd_2_3_16.onnx,vnnlib/pgd_2_3_16_7724.vnnlib,100
onnx/pgd_2_3_16.onnx,vnnlib/pgd_2_3_16_1559.vnnlib,100
onnx/pgd_2_3_16.onnx,vnnlib/pgd_2_3_16_4350.vnnlib,100
onnx/pgd_2_3_16.onnx,vnnlib/pgd_2_3_16_4049.vnnlib,100
onnx/pgd_2_3_16.onnx,vnnlib/pgd_2_3_16_1792.vnnlib,100
onnx/pgd_2_3_16.onnx,vnnlib/pgd_2_3_16_6461.vnnlib,100
onnx/pgd_2_3_16.onnx,vnnlib/pgd_2_3_16_5201.vnnlib,100
onnx/pgd_2_3_16.onnx,vnnlib/pgd_2_3_16_2830.vnnlib,100
onnx/pgd_2_3_16.onnx,vnnlib/pgd_2_3_16_7796.vnnlib,100
onnx/pgd_2_3_16.onnx,vnnlib/pgd_2_3_16_9719.vnnlib,100
onnx/pgd_2_3_16.onnx,vnnlib/pgd_2_3_16_160.vnnlib,100
onnx/pgd_2_3_16.onnx,vnnlib/pgd_2_3_16_3543.vnnlib,100
onnx/pgd_2_3_16.onnx,vnnlib/pgd_2_3_16_6539.vnnlib,100
onnx/pgd_2_3_16.onnx,vnnlib/pgd_2_3_16_1197.vnnlib,100
onnx/pgd_2_3_16.onnx,vnnlib/pgd_2_3_16_9347.vnnlib,100
onnx/pgd_2_3_16.onnx,vnnlib/pgd_2_3_16_2351.vnnlib,100
onnx/pgd_2_3_16.onnx,vnnlib/pgd_2_3_16_7579.vnnlib,100
onnx/pgd_2_3_16.onnx,vnnlib/pgd_2_3_16_8751.vnnlib,100
onnx/pgd_2_3_16.onnx,vnnlib/pgd_2_3_16_7576.vnnlib,100
onnx/pgd_2_3_16.onnx,vnnlib/pgd_2_3_16_1087.vnnlib,100
onnx/pgd_2_3_16.onnx,vnnlib/pgd_2_3_16_6102.vnnlib,100
onnx/pgd_2_3_16.onnx,vnnlib/pgd_2_3_16_3155.vnnlib,100
onnx/pgd_2_3_16.onnx,vnnlib/pgd_2_3_16_7209.vnnlib,100
onnx/pgd_2_3_16.onnx,vnnlib/pgd_2_3_16_4817.vnnlib,100
onnx/pgd_2_3_16.onnx,vnnlib/pgd_2_3_16_9466.vnnlib,100
onnx/pgd_2_3_16.onnx,vnnlib/pgd_2_3_16_285.vnnlib,100
onnx/pgd_2_3_16.onnx,vnnlib/pgd_2_3_16_1949.vnnlib,100
onnx/pgd_2_3_16.onnx,vnnlib/pgd_2_3_16_3689.vnnlib,100
onnx/pgd_2_3_16.onnx,vnnlib/pgd_2_3_16_3313.vnnlib,100
onnx/pgd_2_3_16.onnx,vnnlib/pgd_2_3_16_8164.vnnlib,100
onnx/ibp_3_3_8.onnx,vnnlib/ibp_3_3_8_3031.vnnlib,100
onnx/ibp_3_3_8.onnx,vnnlib/ibp_3_3_8_746.vnnlib,100
onnx/ibp_3_3_8.onnx,vnnlib/ibp_3_3_8_1151.vnnlib,100
onnx/ibp_3_3_8.onnx,vnnlib/ibp_3_3_8_8369.vnnlib,100
onnx/ibp_3_3_8.onnx,vnnlib/ibp_3_3_8_7011.vnnlib,100
onnx/ibp_3_3_8.onnx,vnnlib/ibp_3_3_8_477.vnnlib,100
onnx/ibp_3_3_8.onnx,vnnlib/ibp_3_3_8_4846.vnnlib,100
onnx/ibp_3_3_8.onnx,vnnlib/ibp_3_3_8_6263.vnnlib,100
onnx/ibp_3_3_8.onnx,vnnlib/ibp_3_3_8_2738.vnnlib,100
onnx/ibp_3_3_8.onnx,vnnlib/ibp_3_3_8_3683.vnnlib,100
onnx/ibp_3_3_8.onnx,vnnlib/ibp_3_3_8_8325.vnnlib,100
onnx/ibp_3_3_8.onnx,vnnlib/ibp_3_3_8_8740.vnnlib,100
onnx/ibp_3_3_8.onnx,vnnlib/ibp_3_3_8_3005.vnnlib,100
onnx/ibp_3_3_8.onnx,vnnlib/ibp_3_3_8_5899.vnnlib,100
onnx/ibp_3_3_8.onnx,vnnlib/ibp_3_3_8_8481.vnnlib,100
onnx/ibp_3_3_8.onnx,vnnlib/ibp_3_3_8_4493.vnnlib,100
onnx/ibp_3_3_8.onnx,vnnlib/ibp_3_3_8_5535.vnnlib,100
onnx/ibp_3_3_8.onnx,vnnlib/ibp_3_3_8_9794.vnnlib,100
onnx/ibp_3_3_8.onnx,vnnlib/ibp_3_3_8_5600.vnnlib,100
onnx/ibp_3_3_8.onnx,vnnlib/ibp_3_3_8_3949.vnnlib,100
onnx/ibp_3_3_8.onnx,vnnlib/ibp_3_3_8_1648.vnnlib,100
onnx/ibp_3_3_8.onnx,vnnlib/ibp_3_3_8_2759.vnnlib,100
onnx/ibp_3_3_8.onnx,vnnlib/ibp_3_3_8_1767.vnnlib,100
onnx/ibp_3_3_8.onnx,vnnlib/ibp_3_3_8_260.vnnlib,100
onnx/ibp_3_3_8.onnx,vnnlib/ibp_3_3_8_9708.vnnlib,100
onnx/ibp_3_3_8.onnx,vnnlib/ibp_3_3_8_2303.vnnlib,100
onnx/ibp_3_3_8.onnx,vnnlib/ibp_3_3_8_7671.vnnlib,100
onnx/ibp_3_3_8.onnx,vnnlib/ibp_3_3_8_1796.vnnlib,100
onnx/ibp_3_3_8.onnx,vnnlib/ibp_3_3_8_467.vnnlib,100
onnx/ibp_3_3_8.onnx,vnnlib/ibp_3_3_8_2949.vnnlib,100
onnx/ibp_3_3_8.onnx,vnnlib/ibp_3_3_8_6300.vnnlib,100
onnx/ibp_3_3_8.onnx,vnnlib/ibp_3_3_8_9175.vnnlib,100
onnx/ibp_3_3_8.onnx,vnnlib/ibp_3_3_8_6902.vnnlib,100
onnx/ibp_3_3_8.onnx,vnnlib/ibp_3_3_8_7116.vnnlib,100
onnx/ibp_3_3_8.onnx,vnnlib/ibp_3_3_8_9432.vnnlib,100
onnx/ibp_3_3_8.onnx,vnnlib/ibp_3_3_8_7322.vnnlib,100
onnx/ibp_3_3_8.onnx,vnnlib/ibp_3_3_8_1264.vnnlib,100
onnx/ibp_3_3_8.onnx,vnnlib/ibp_3_3_8_8918.vnnlib,100
onnx/ibp_3_3_8.onnx,vnnlib/ibp_3_3_8_6091.vnnlib,100
onnx/ibp_3_3_8.onnx,vnnlib/ibp_3_3_8_4027.vnnlib,100
onnx/ibp_3_3_8.onnx,vnnlib/ibp_3_3_8_1028.vnnlib,100
onnx/ibp_3_3_8.onnx,vnnlib/ibp_3_3_8_7926.vnnlib,100
onnx/ibp_3_3_8.onnx,vnnlib/ibp_3_3_8_2157.vnnlib,100
onnx/ibp_3_3_8.onnx,vnnlib/ibp_3_3_8_9128.vnnlib,100
onnx/ibp_3_3_8.onnx,vnnlib/ibp_3_3_8_9687.vnnlib,100
onnx/ibp_3_3_8.onnx,vnnlib/ibp_3_3_8_4861.vnnlib,100
onnx/ibp_3_3_8.onnx,vnnlib/ibp_3_3_8_9895.vnnlib,100
onnx/ibp_3_3_8.onnx,vnnlib/ibp_3_3_8_8386.vnnlib,100
onnx/ibp_3_3_8.onnx,vnnlib/ibp_3_3_8_440.vnnlib,100
onnx/ibp_3_3_8.onnx,vnnlib/ibp_3_3_8_8783.vnnlib,100
onnx/ibp_3_3_8.onnx,vnnlib/ibp_3_3_8_9965.vnnlib,100
onnx/ibp_3_3_8.onnx,vnnlib/ibp_3_3_8_3895.vnnlib,100
onnx/ibp_3_3_8.onnx,vnnlib/ibp_3_3_8_8146.vnnlib,100
onnx/ibp_3_3_8.onnx,vnnlib/ibp_3_3_8_8137.vnnlib,100
onnx/ibp_3_3_8.onnx,vnnlib/ibp_3_3_8_5532.vnnlib,100
onnx/ibp_3_3_8.onnx,vnnlib/ibp_3_3_8_9430.vnnlib,100
onnx/ibp_3_3_8.onnx,vnnlib/ibp_3_3_8_2383.vnnlib,100
onnx/ibp_3_3_8.onnx,vnnlib/ibp_3_3_8_6438.vnnlib,100
onnx/ibp_3_3_8.onnx,vnnlib/ibp_3_3_8_4703.vnnlib,100
onnx/ibp_3_3_8.onnx,vnnlib/ibp_3_3_8_5402.vnnlib,100
onnx/ibp_3_3_8.onnx,vnnlib/ibp_3_3_8_7364.vnnlib,100
onnx/ibp_3_3_8.onnx,vnnlib/ibp_3_3_8_7227.vnnlib,100
onnx/ibp_3_3_8.onnx,vnnlib/ibp_3_3_8_4603.vnnlib,100
onnx/ibp_3_3_8.onnx,vnnlib/ibp_3_3_8_8792.vnnlib,100
onnx/ibp_3_3_8.onnx,vnnlib/ibp_3_3_8_6025.vnnlib,100
onnx/ibp_3_3_8.onnx,vnnlib/ibp_3_3_8_236.vnnlib,100
onnx/ibp_3_3_8.onnx,vnnlib/ibp_3_3_8_7157.vnnlib,100
onnx/ibp_3_3_8.onnx,vnnlib/ibp_3_3_8_6401.vnnlib,100
onnx/ibp_3_3_8.onnx,vnnlib/ibp_3_3_8_3850.vnnlib,100
onnx/ibp_3_3_8.onnx,vnnlib/ibp_3_3_8_4297.vnnlib,100
onnx/ibp_3_3_8.onnx,vnnlib/ibp_3_3_8_3158.vnnlib,100
onnx/ibp_3_3_8.onnx,vnnlib/ibp_3_3_8_2671.vnnlib,100
onnx/ibp_3_3_8.onnx,vnnlib/ibp_3_3_8_3193.vnnlib,100
onnx/ibp_3_3_8.onnx,vnnlib/ibp_3_3_8_2339.vnnlib,100
onnx/ibp_3_3_8.onnx,vnnlib/ibp_3_3_8_1656.vnnlib,100
onnx/ibp_3_3_8.onnx,vnnlib/ibp_3_3_8_4199.vnnlib,100
onnx/ibp_3_3_8.onnx,vnnlib/ibp_3_3_8_7682.vnnlib,100
onnx/ibp_3_3_8.onnx,vnnlib/ibp_3_3_8_2429.vnnlib,100
onnx/ibp_3_3_8.onnx,vnnlib/ibp_3_3_8_7305.vnnlib,100
onnx/ibp_3_3_8.onnx,vnnlib/ibp_3_3_8_6769.vnnlib,100
onnx/ibp_3_3_8.onnx,vnnlib/ibp_3_3_8_253.vnnlib,100
onnx/ibp_3_3_8.onnx,vnnlib/ibp_3_3_8_7132.vnnlib,100
onnx/ibp_3_3_8.onnx,vnnlib/ibp_3_3_8_4879.vnnlib,100
onnx/ibp_3_3_8.onnx,vnnlib/ibp_3_3_8_5753.vnnlib,100
onnx/ibp_3_3_8.onnx,vnnlib/ibp_3_3_8_9481.vnnlib,100
onnx/ibp_3_3_8.onnx,vnnlib/ibp_3_3_8_996.vnnlib,100
onnx/ibp_3_3_8.onnx,vnnlib/ibp_3_3_8_9059.vnnlib,100
onnx/ibp_3_3_8.onnx,vnnlib/ibp_3_3_8_3131.vnnlib,100
onnx/ibp_3_3_8.onnx,vnnlib/ibp_3_3_8_7624.vnnlib,100
onnx/ibp_3_3_8.onnx,vnnlib/ibp_3_3_8_6948.vnnlib,100
onnx/ibp_3_3_8.onnx,vnnlib/ibp_3_3_8_7689.vnnlib,100
onnx/ibp_3_3_8.onnx,vnnlib/ibp_3_3_8_8694.vnnlib,100
onnx/ibp_3_3_8.onnx,vnnlib/ibp_3_3_8_2851.vnnlib,100
onnx/ibp_3_3_8.onnx,vnnlib/ibp_3_3_8_8354.vnnlib,100
onnx/ibp_3_3_8.onnx,vnnlib/ibp_3_3_8_8900.vnnlib,100
onnx/ibp_3_3_8.onnx,vnnlib/ibp_3_3_8_3810.vnnlib,100
onnx/ibp_3_3_8.onnx,vnnlib/ibp_3_3_8_460.vnnlib,100
onnx/ibp_3_3_8.onnx,vnnlib/ibp_3_3_8_6239.vnnlib,100
onnx/ibp_3_3_8.onnx,vnnlib/ibp_3_3_8_4831.vnnlib,100
onnx/ibp_3_3_8.onnx,vnnlib/ibp_3_3_8_8370.vnnlib,100
