./onnx/mnist_concat.onnx,./vnnlib/index7901_delta0.13.vnnlib,300
./onnx/mnist_concat.onnx,./vnnlib/index6323_delta0.13.vnnlib,300
./onnx/mnist_concat.onnx,./vnnlib/index7027_delta0.13.vnnlib,300
./onnx/mnist_concat.onnx,./vnnlib/index7116_delta0.13.vnnlib,300
./onnx/mnist_concat.onnx,./vnnlib/index1373_delta0.13.vnnlib,300
./onnx/mnist_concat.onnx,./vnnlib/index6957_delta0.13.vnnlib,300
./onnx/mnist_concat.onnx,./vnnlib/index365_delta0.13.vnnlib,300
./onnx/mnist_concat.onnx,./vnnlib/index8900_delta0.13.vnnlib,300
./onnx/mnist_concat.onnx,./vnnlib/index9733_delta0.13.vnnlib,300
./onnx/mnist_concat.onnx,./vnnlib/index9154_delta0.13.vnnlib,300
./onnx/mnist_concat.onnx,./vnnlib/index5938_delta0.13.vnnlib,300
./onnx/mnist_concat.onnx,./vnnlib/index8964_delta0.13.vnnlib,300
./onnx/mnist_concat.onnx,./vnnlib/index4665_delta0.13.vnnlib,300
./onnx/mnist_concat.onnx,./vnnlib/index2204_delta0.13.vnnlib,300
./onnx/mnist_concat.onnx,./vnnlib/index6405_delta0.13.vnnlib,300
./onnx/mnist_concat.onnx,./vnnlib/index4739_delta0.13.vnnlib,300
./onnx/mnist_concat.onnx,./vnnlib/index5291_delta0.13.vnnlib,300
./onnx/mnist_concat.onnx,./vnnlib/index5206_delta0.13.vnnlib,300
./onnx/mnist_concat.onnx,./vnnlib/index7329_delta0.13.vnnlib,300
./onnx/mnist_concat.onnx,./vnnlib/index292_delta0.13.vnnlib,300
./onnx/mnist_concat.onnx,./vnnlib/index1282_delta0.13.vnnlib,300
./onnx/mnist_concat.onnx,./vnnlib/index2251_delta0.13.vnnlib,300
./onnx/mnist_concat.onnx,./vnnlib/index1921_delta0.13.vnnlib,300
./onnx/mnist_concat.onnx,./vnnlib/index1285_delta0.13.vnnlib,300
./onnx/mnist_concat.onnx,./vnnlib/index9211_delta0.13.vnnlib,300
./onnx/mnist_concat.onnx,./vnnlib/index1159_delta0.13.vnnlib,300
./onnx/mnist_concat.onnx,./vnnlib/index4901_delta0.13.vnnlib,300
./onnx/mnist_concat.onnx,./vnnlib/index1662_delta0.13.vnnlib,300
./onnx/mnist_concat.onnx,./vnnlib/index7606_delta0.13.vnnlib,300
./onnx/mnist_concat.onnx,./vnnlib/index1537_delta0.13.vnnlib,300
./onnx/mnist_concat.onnx,./vnnlib/index3863_delta0.13.vnnlib,300
./onnx/mnist_concat.onnx,./vnnlib/index6792_delta0.13.vnnlib,300
./onnx/mnist_concat.onnx,./vnnlib/index2481_delta0.13.vnnlib,300
./onnx/mnist_concat.onnx,./vnnlib/index9027_delta0.13.vnnlib,300
./onnx/mnist_concat.onnx,./vnnlib/index6136_delta0.13.vnnlib,300
./onnx/mnist_concat.onnx,./vnnlib/index4799_delta0.13.vnnlib,300
./onnx/mnist_concat.onnx,./vnnlib/index3444_delta0.13.vnnlib,300
./onnx/mnist_concat.onnx,./vnnlib/index5328_delta0.13.vnnlib,300
./onnx/mnist_concat.onnx,./vnnlib/index1031_delta0.13.vnnlib,300
./onnx/mnist_concat.onnx,./vnnlib/index3401_delta0.13.vnnlib,300
./onnx/mnist_concat.onnx,./vnnlib/index9101_delta0.13.vnnlib,300
./onnx/mnist_concat.onnx,./vnnlib/index7109_delta0.13.vnnlib,300
./onnx/mnist_concat.onnx,./vnnlib/index4312_delta0.13.vnnlib,300
./onnx/mnist_concat.onnx,./vnnlib/index9203_delta0.13.vnnlib,300
./onnx/mnist_concat.onnx,./vnnlib/index1929_delta0.13.vnnlib,300
./onnx/mnist_concat.onnx,./vnnlib/index6217_delta0.13.vnnlib,300
./onnx/mnist_concat.onnx,./vnnlib/index4272_delta0.13.vnnlib,300
./onnx/mnist_concat.onnx,./vnnlib/index316_delta0.13.vnnlib,300
./onnx/mnist_concat.onnx,./vnnlib/index2750_delta0.13.vnnlib,300
./onnx/mnist_concat.onnx,./vnnlib/index7336_delta0.13.vnnlib,300
./onnx/mnist_concat.onnx,./vnnlib/index1453_delta0.13.vnnlib,300
./onnx/mnist_concat.onnx,./vnnlib/index112_delta0.13.vnnlib,300
./onnx/mnist_concat.onnx,./vnnlib/index6936_delta0.13.vnnlib,300
./onnx/mnist_concat.onnx,./vnnlib/index6574_delta0.13.vnnlib,300
./onnx/mnist_concat.onnx,./vnnlib/index7281_delta0.13.vnnlib,300
./onnx/mnist_concat.onnx,./vnnlib/index6551_delta0.13.vnnlib,300
./onnx/mnist_concat.onnx,./vnnlib/index6412_delta0.13.vnnlib,300
./onnx/mnist_concat.onnx,./vnnlib/index3552_delta0.13.vnnlib,300
./onnx/mnist_concat.onnx,./vnnlib/index3805_delta0.13.vnnlib,300
./onnx/mnist_concat.onnx,./vnnlib/index668_delta0.13.vnnlib,300
./onnx/mnist_concat.onnx,./vnnlib/index7175_delta0.13.vnnlib,300
./onnx/mnist_concat.onnx,./vnnlib/index4286_delta0.13.vnnlib,300
./onnx/mnist_concat.onnx,./vnnlib/index5385_delta0.13.vnnlib,300
./onnx/mnist_concat.onnx,./vnnlib/index5391_delta0.13.vnnlib,300
./onnx/mnist_concat.onnx,./vnnlib/index6354_delta0.13.vnnlib,300
./onnx/mnist_concat.onnx,./vnnlib/index5020_delta0.13.vnnlib,300
./onnx/mnist_concat.onnx,./vnnlib/index7106_delta0.13.vnnlib,300
./onnx/mnist_concat.onnx,./vnnlib/index4148_delta0.13.vnnlib,300
./onnx/mnist_concat.onnx,./vnnlib/index6199_delta0.13.vnnlib,300
./onnx/mnist_concat.onnx,./vnnlib/index7534_delta0.13.vnnlib,300
./onnx/mnist_concat.onnx,./vnnlib/index9021_delta0.13.vnnlib,300
./onnx/mnist_concat.onnx,./vnnlib/index6107_delta0.13.vnnlib,300
